{
  "/home/ovi/Documents/fim/monitored/script.sh": {
    "hash": "e3b0c44298fc1c149afbf4c8996fb92427ae41e4649b934ca495991b7852b855",
    "size": 0,
    "mtime": 1761528796.4187198
  },
  "/home/ovi/Documents/fim/monitored/important.conf": {
    "hash": "e3b0c44298fc1c149afbf4c8996fb92427ae41e4649b934ca495991b7852b855",
    "size": 0,
    "mtime": 1761528788.610608
  }
}